t,i
0,167.79
0.011,166.5
0.021,165.57
0.032,166.1
0.042,165.82
0.053,166.63
0.063,166.15
0.074,165.35
0.085,165.56
0.095,166.41
0.106,165.06
0.116,166.16
0.127,165.92
0.138,165.49
0.148,165.98
0.159,166.48
0.169,166.44
0.18,165.63
0.19,166.37
0.201,165.74
0.212,166.69
0.222,166.25
0.233,167.12
0.243,166.02
0.254,166.1
0.264,166.09
0.275,166.4
0.286,166.33
0.296,165.99
0.307,166.18
0.317,166.56
0.328,165.64
0.338,165.75
0.349,166.24
0.36,166.59
0.37,166.8
0.381,166.56
0.391,166.54
0.402,166.29
0.413,166.48
0.423,166.35
0.434,165.88
0.444,166.45
0.455,166.36
0.465,165.84
0.476,165.54
0.487,166.73
0.497,165.91
0.508,165.41
0.518,166.28
0.529,165.59
0.539,165.33
0.55,166.67
0.561,165.97
0.571,165.89
0.582,165.7
0.592,165.66
0.603,166.12
0.614,166.16
0.624,165.5
0.635,165.67
0.645,166.26
0.656,166.17
0.666,167.04
0.677,166.92
0.688,166.76
0.698,166.29
0.709,166.42
0.719,166.25
0.73,166.25
0.74,166.29
0.751,166.53
0.762,166.52
0.772,166.18
0.783,166.29
0.793,165.5
0.804,166.42
0.815,166.36
0.825,166.63
0.836,167.01
0.846,166.5
0.857,166.28
0.867,165.88
0.878,165.49
0.889,166.07
0.899,165.24
0.91,165.04
0.92,165.83
0.931,165.34
0.941,165.84
0.952,165.65
0.963,165.46
0.973,165.26
0.984,165.5
0.994,165.2
1.005,165.75
1.015,165.44
1.026,165.88
1.037,165.75
1.047,165.66
1.058,165.96
1.068,165.37
1.079,165.76
1.09,165.44
1.1,165.97
1.111,165.95
1.121,166.41
1.132,165.71
1.142,165.57
1.153,165.52
1.164,165.02
1.174,165.91
1.185,166.14
1.195,165.26
1.206,165.13
1.216,165.59
1.227,165.66
1.238,165.49
1.248,166.13
1.259,165.6
1.269,165.84
1.28,165.66
1.291,165.29
1.301,166.07
1.312,165.33
1.322,166.01
1.333,165.35
1.343,165.25
1.354,165.17
1.365,165.38
1.375,165
1.386,164.81
1.396,165.22
1.407,165.38
1.417,165.73
1.428,165.81
1.439,165.32
1.449,165.26
1.46,165.76
1.47,165.55
1.481,165.97
1.491,165.07
1.502,165.93
1.513,166.49
1.523,166.02
1.534,165.88
1.544,165.15
1.555,165.36
1.566,165.37
1.576,164.88
1.587,165.46
1.597,165.51
1.608,165.03
1.618,165.7
1.629,164.81
1.64,165.56
1.65,164.64
1.661,165.73
1.671,165.77
1.682,166.01
1.692,165.87
1.703,165.68
1.714,165.64
1.724,165.85
1.735,166.13
1.745,166.36
1.756,166.25
1.767,165.84
1.777,165.12
1.788,165.23
1.798,165.66
1.809,165.23
1.819,165.91
1.83,166.27
1.841,165.61
1.851,165.37
1.862,165.93
1.872,165.95
1.883,165.24
1.893,165.57
1.904,165.24
1.915,165.27
1.925,166.63
1.936,166.48
1.946,166.43
1.957,165.59
1.968,165.5
1.978,164.92
1.989,165.19
1.999,164.77
2.01,164.7
2.02,164.4
2.031,165.17
2.042,165.1
2.052,164.99
2.063,165.3
2.073,164.75
2.084,165.2
2.094,165.12
2.105,163.87
2.116,164.18
2.126,164.95
2.137,164.11
2.147,163.69
2.158,164.26
2.168,164.45
2.179,164.87
2.19,164.96
2.2,165.73
2.211,164.65
2.221,164.51
2.232,164.59
2.243,163.81
2.253,165.22
2.264,164.66
2.274,164.31
2.285,164.85
2.295,165.34
2.306,165.04
2.317,164.86
2.327,164.6
2.338,164.88
2.348,164.43
2.359,165.39
2.369,165.16
2.38,165.4
2.391,165.67
2.401,165.38
2.412,164.22
2.422,164.34
2.433,164.41
2.444,164.74
2.454,164.67
2.465,164.19
2.475,164.43
2.486,164.71
2.496,164.68
2.507,164.48
2.518,164.33
2.528,164.37
2.539,164.15
2.549,164.94
2.56,164.61
2.57,164.55
2.581,165.35
2.592,163.96
2.602,164.92
2.613,164.75
2.623,164.05
2.634,163.61
2.644,164.86
2.655,165.78
2.666,165.08
2.676,165.14
2.687,164.73
2.697,164.83
2.708,164.43
2.719,165.41
2.729,165.21
2.74,164.74
2.75,165.02
2.761,165.19
2.771,164.7
2.782,165.69
2.793,165.72
2.803,165.51
2.814,164.88
2.824,164.41
2.835,165.23
2.845,165.92
2.856,165.13
2.867,165.48
2.877,165.82
2.888,164.45
2.898,164.54
2.909,165.45
2.92,164.55
2.93,165.04
2.941,165.03
2.951,163.93
2.962,164.57
2.972,164.59
2.983,164.07
2.994,164.28
3.004,163.58
3.015,164.42
3.025,165.2
3.036,164.24
3.046,164.16
3.057,164.57
3.068,163.99
3.078,164.09
3.089,164.94
3.099,165.52
3.11,165.51
3.121,164.18
3.131,164.83
3.142,164.68
3.152,164.83
3.163,164.84
3.173,165.2
3.184,164.69
3.195,164.49
3.205,164.37
3.216,164.24
3.226,164.67
3.237,164
3.247,164.21
3.258,164.18
3.269,164.82
3.279,164.63
3.29,164.83
3.3,165.09
3.311,164.57
3.321,165.1
3.332,165.02
3.343,164.48
3.353,165.13
3.364,164.88
3.374,164.49
3.385,163.96
3.396,164.58
3.406,165.05
3.417,165.06
3.427,164.8
3.438,164.95
3.448,165.44
3.459,164.75
3.47,165.08
3.48,164.35
3.491,164.95
3.501,163.32
3.512,165.06
3.522,165.37
3.533,164.96
3.544,164.67
3.554,164.42
3.565,164.82
3.575,164.67
3.586,164.59
3.597,163.87
3.607,163.9
3.618,164.15
3.628,164.65
3.639,164.69
3.649,164.79
3.66,165.38
3.671,164.8
3.681,165.29
3.692,164.02
3.702,164.32
3.713,164.68
3.723,164.75
3.734,164.46
3.745,164.88
3.755,164.75
3.766,165.17
3.776,164.94
3.787,165.78
3.798,164.83
3.808,164.81
3.819,164.81
3.829,165.48
3.84,164.92
3.85,165.09
3.861,165.65
3.872,164.99
3.882,165.29
3.893,166.07
3.903,165.49
3.914,165.71
3.924,165.73
3.935,165.36
3.946,165.2
3.956,165.81
3.967,165.3
3.977,166.02
3.988,165.22
3.998,165.5
4.009,164.96
4.02,164.3
4.03,164.33
4.041,164.59
4.051,165.3
4.062,165.27
4.073,165.26
4.083,164.96
4.094,163.96
4.104,163.46
4.115,164.2
4.125,164.47
4.136,164.91
4.147,164.75
4.157,164.13
4.168,164.76
4.178,164.92
4.189,164.57
4.199,164.61
4.21,164.88
4.221,165.61
4.231,164.85
4.242,164.45
4.252,165.36
4.263,165.11
4.274,164.65
4.284,164.75
4.295,164.43
4.305,165.01
4.316,164.94
4.326,165.09
4.337,165.3
4.348,165.4
4.358,165.12
4.369,164.64
4.379,164.85
4.39,163.98
4.4,164.37
4.411,164.69
4.422,164.73
4.432,164.95
4.443,164.33
4.453,164.64
4.464,164.08
4.474,164.53
4.485,164.3
4.496,164.91
4.506,164.14
4.517,163.56
4.527,164.09
4.538,163.86
4.549,163.69
4.559,164.19
4.57,163.48
4.58,163.64
4.591,164.54
4.601,164.43
4.612,164.56
4.623,164.65
4.633,164.08
4.644,163.77
4.654,164.25
4.665,164
4.675,164.03
4.686,164.36
4.697,163.77
4.707,164.2
4.718,165.39
4.728,164.66
4.739,164.8
4.75,165.35
4.76,163.94
4.771,164.48
4.781,164.51
4.792,164.43
4.802,164.06
4.813,164.51
4.824,163.98
4.834,163.39
4.845,164.74
4.855,164.01
4.866,164.7
4.876,164.61
4.887,164.2
4.898,163.6
4.908,163.66
4.919,164.51
4.929,163.69
4.94,164.14
4.951,163.57
4.961,164.67
4.972,164.04
4.982,163.44
